Code,Service,Current Price,Last Changed,Years Stale,CPI Inflation %,Suggested Price,Price Gap,Est Annual Volume,Est Lost Revenue/Year
ANEX,"ANEX",192.00,2020-12-30,5.3,21.8,233.87,41.87,1219,51039.53
2VW,"X-Rays,  2 Views",448.00,2014-01-01,10.0,35.0,604.57,156.57,200,31314.00
100,"Anesthesia Induction Fee",396.80,2016-12-27,9.3,30.9,519.32,122.52,215,26341.80
V3,"V3",192.00,2014-01-01,10.0,35.0,259.10,67.10,358,24021.80
FLU,"FLU",256.00,2016-12-29,9.3,30.9,335.04,79.04,129,10196.16
BL,"Blood  Collection",79.36,2014-09-20,11.5,35.0,107.10,27.74,358,9930.92
ADV1,"ADV1",6469.12,2014-01-01,10.0,35.0,8730.04,2260.92,4,9043.68
HN,"Hospitalization 24 hours (overnight)",230.40,2016-12-27,9.3,30.9,301.54,71.14,124,8821.36
VACC9,"ADULT DA2PPV (1YEAR)",207.36,2014-10-29,11.4,35.0,279.83,72.47,106,7681.82
VACCLC,"VACCLC",207.36,2014-11-22,11.4,35.0,279.83,72.47,85,6159.95
VACCFELC,"VACCFELC",207.36,2014-01-01,10.0,35.0,279.83,72.47,70,5072.90
IVF,"IVF",140.80,2016-12-27,9.3,30.9,184.27,43.47,110,4781.70
CYTOLOGY,"CYTOLOGY",79.36,2014-01-01,10.0,35.0,107.10,27.74,172,4771.28
PRE,"Pre sedation exam",230.40,2014-01-01,10.0,35.0,310.92,80.52,56,4509.12
1001,"1001",192.00,2014-01-01,10.0,35.0,259.10,67.10,65,4361.50
SQ,"SQ",102.40,2015-10-31,10.4,32.4,135.53,33.13,116,3843.08
1010,"1010",207.36,2014-10-20,11.4,35.0,279.83,72.47,53,3840.91
ANEXA,"ANEXA",115.20,2015-06-12,10.8,32.4,152.47,37.27,98,3652.46
GERIU,"GERIU",355.97,2014-01-01,10.0,35.0,480.38,124.41,29,3607.89
GERI,"GERI",332.24,2014-01-01,10.0,35.0,448.36,116.12,31,3599.72
US51A,"Abdominal Ultrasound - RVC",896.00,2015-04-13,11.0,32.4,1185.90,289.90,12,3478.80
CONV1,"CONV1",192.00,2014-01-01,10.0,35.0,259.10,67.10,50,3355.00
3VW,"X-Rays  Additional",179.20,2015-12-24,10.3,32.4,237.18,57.98,55,3188.90
URINE1,"URINE1",340.15,2014-01-01,10.0,35.0,459.03,118.88,22,2615.36
FL,"FL",76.80,2015-12-30,10.3,32.4,101.65,24.85,100,2485.00
STAT,"STAT",294.40,2014-01-01,10.0,35.0,397.29,102.89,22,2263.58
KC,"Kennel Cough Vaccine (Intra-Trac IN) (1y",192.00,2015-03-19,11.0,32.4,254.12,62.12,35,2174.20
T760A,"T760A",176.64,2015-06-24,10.8,32.4,233.79,57.15,33,1885.95
VACC11,"Kennel  Cough  Vaccine (IN -1year)",192.00,2014-01-01,10.0,35.0,259.10,67.10,28,1878.80
SCARS6,"SCARS6",89.60,2015-12-28,10.3,32.4,118.59,28.99,62,1797.38
FINE,"FNA & Cytology  Idexx up to 3 sites",216.63,2014-01-01,10.0,35.0,292.34,75.71,21,1589.91
011259,"011259",23.04,2015-12-31,10.3,32.4,30.49,7.45,208,1549.60
ANEXS,"ANEXS",192.00,2014-01-01,10.0,35.0,259.10,67.10,21,1409.10
SURO,"SURO",71.68,2014-01-01,10.0,35.0,96.73,25.05,54,1352.70
STAT1,"Histopathology Histovet",396.80,2014-01-01,10.0,35.0,535.48,138.68,9,1248.12
304,"304",115.20,2015-12-24,10.3,32.4,152.47,37.27,33,1229.91
FN1,"FN1",171.52,2014-01-01,10.0,35.0,231.47,59.95,20,1199.00
MED1K,"MED1K",104.68,2014-01-01,10.0,35.0,141.27,36.59,32,1170.88
109,"109",204.80,2014-09-25,11.5,35.0,276.38,71.58,16,1145.28
GER,"GER",314.88,2014-01-01,10.0,35.0,424.93,110.05,10,1100.50
113,"Domitor > 21  kg",345.60,2014-01-01,10.0,35.0,466.39,120.79,9,1087.11
T760,"Urinalysis In House(with reg cysto/cath)",238.08,2014-01-01,10.0,35.0,321.29,83.21,13,1081.73
SCARS2,"SCARS2",122.88,2014-01-01,10.0,35.0,165.83,42.95,23,987.85
BLOOD,"BLOOD",305.92,2014-12-24,11.3,35.0,412.84,106.92,9,962.28
CSY,"CSY",303.23,2014-11-14,11.4,35.0,409.21,105.98,8,847.84
IV,"IV",115.20,2014-01-01,10.0,35.0,155.46,40.26,20,805.20
011041,"Snap cPL - in house",119.04,2014-01-01,10.0,35.0,160.64,41.60,18,748.80
CANIN22,"CANIN22",259.87,2014-01-01,10.0,35.0,350.69,90.82,8,726.56
PARVO,"PARVO",148.48,2014-01-01,10.0,35.0,200.37,51.89,14,726.46
FEL4,"FEL4",63.80,2015-02-26,11.1,32.4,84.44,20.64,34,701.76
CANIN17,"CANIN17",242.07,2014-01-01,10.0,35.0,326.67,84.60,8,676.80
SCRAP,"Skin Tape impression",131.84,2013-12-24,12.3,36.2,179.54,47.70,14,667.80
FEL6,"FEL6",134.25,2014-01-01,10.0,35.0,181.17,46.92,14,656.88
BM,"BM",103.68,2014-01-01,10.0,35.0,139.92,36.24,18,652.32
US4,"US4",448.00,2014-01-01,10.0,35.0,604.57,156.57,4,626.28
US2A1,"US2A1",448.00,2014-01-01,10.0,35.0,604.57,156.57,4,626.28
DRONTAL2,"DRONTAL2",25.60,2014-01-01,10.0,35.0,34.55,8.95,69,617.55
US6,"US6",125.44,2015-06-24,10.8,32.4,166.03,40.59,15,608.85
CYT,"CYT",171.39,2014-01-01,10.0,35.0,231.29,59.90,10,599.00
CANIN8,"CANIN8",131.64,2014-01-01,10.0,35.0,177.65,46.01,13,598.13
FDCD,"Diarrhea RealPCR Panel (Comp)Feline OUT",416.82,2014-01-01,10.0,35.0,562.50,145.68,4,582.72
CANIN24,"CANIN24",332.80,2014-01-01,10.0,35.0,449.11,116.31,5,581.55
VACCFE,"VACCFE",207.36,2014-01-01,10.0,35.0,279.83,72.47,8,579.76
URINE,"URINE",234.68,2014-01-01,10.0,35.0,316.70,82.02,7,574.14
GER5,"GER5",382.34,2014-01-01,10.0,35.0,515.97,133.63,4,534.52
0019,"Feline Neuter And Declaw",1472.00,2014-01-01,10.0,35.0,1986.46,514.46,1,514.46
CANIN47,"CANIN47",130.82,2014-01-01,10.0,35.0,176.54,45.72,11,502.92
MED1M,"MED1M",283.96,2014-01-01,10.0,35.0,383.20,99.24,5,496.20
CANIN16,"CANIN16",175.26,2014-01-01,10.0,35.0,236.51,61.25,8,490.00
FRUCT,"FRUCT",139.85,2014-01-01,10.0,35.0,188.73,48.88,10,488.80
GLA,"GLA",279.04,2014-01-01,10.0,35.0,376.56,97.52,5,487.60
T435,"T435",276.86,2014-01-01,10.0,35.0,373.62,96.76,5,483.80
116,"Anaesthetic - Local",115.20,2014-01-01,10.0,35.0,155.46,40.26,12,483.12
URINE2,"URINE2",230.40,2014-01-01,10.0,35.0,310.92,80.52,6,483.12
FEL21,"FEL21",101.71,2014-01-01,10.0,35.0,137.26,35.55,13,462.15
U6,"U6",187.32,2014-01-01,10.0,35.0,252.79,65.47,7,458.29
104,"Pulse Oximeter Monitoring",64.00,2014-01-01,10.0,35.0,86.37,22.37,20,447.40
CANIN7,"CANIN7",50.79,2015-06-17,10.8,32.4,67.22,16.43,27,443.61
HD,"HD",89.60,2014-01-01,10.0,35.0,120.91,31.31,14,438.34
FEL34,"FEL34",135.17,2014-01-01,10.0,35.0,182.41,47.24,9,425.16
MED1D,"MED1D",243.05,2014-01-01,10.0,35.0,327.99,84.94,5,424.70
CANIN46,"CANIN46",70.96,2014-01-01,10.0,35.0,95.76,24.80,17,421.60
BM1,"BM1",66.56,2014-01-01,10.0,35.0,89.82,23.26,18,418.68
007233,"Snap Feline Leukemia & Feline Immunodefi",198.40,2014-01-01,10.0,35.0,267.74,69.34,6,416.04
GEN,"General Panel with CPL IN CLINIC",237.31,2014-01-01,10.0,35.0,320.25,82.94,5,414.70
CANIN9,"CANIN9",292.17,2014-01-01,10.0,35.0,394.28,102.11,4,408.44
T4,"T4,Total-Canine/Feline OUT",139.85,2014-01-01,10.0,35.0,188.73,48.88,8,391.04
MISCI,"MISCI",74.24,2014-01-01,10.0,35.0,100.19,25.95,15,389.25
BG1,"Blood Glucose - First",74.24,2015-05-15,10.9,32.4,98.26,24.02,16,384.32
STAN,"STAN",38.40,2016-12-24,9.3,30.9,50.26,11.86,32,379.52
FEL22,"FEL22",180.07,2014-01-01,10.0,35.0,243.00,62.93,6,377.58
308,"308",179.20,2014-01-01,10.0,35.0,241.83,62.63,6,375.78
001403,"001403",76.80,2014-06-26,11.8,35.0,103.64,26.84,14,375.76
CANIN18,"CANIN18",88.04,2014-01-01,10.0,35.0,118.81,30.77,12,369.24
FEL24,"FEL24",101.71,2014-01-01,10.0,35.0,137.26,35.55,10,355.50
CANIN52,"CANIN52",253.54,2014-01-01,10.0,35.0,342.15,88.61,4,354.44
PHE,"Phenobarbital Level OUT",168.76,2014-01-01,10.0,35.0,227.74,58.98,6,353.88
MED1L,"MED1L",201.65,2014-01-01,10.0,35.0,272.13,70.48,5,352.40
CANIN20,"CANIN20",242.07,2014-01-01,10.0,35.0,326.67,84.60,4,338.40
FEL12,"FEL12",137.91,2014-12-24,11.3,35.0,186.11,48.20,7,337.40
T415,"T415",235.83,2014-01-01,10.0,35.0,318.25,82.42,4,329.68
DEXA,"DEXA",461.44,2014-01-01,10.0,35.0,622.71,161.27,2,322.54
025114,"025114",115.20,2014-01-01,10.0,35.0,155.46,40.26,8,322.08
025117,"025117",69.12,2014-01-01,10.0,35.0,93.28,24.16,13,314.08
SEN,"Senior  Welness (Exam-Bp-Bloodwork)",448.00,2014-01-01,10.0,35.0,604.57,156.57,2,313.14
8016,"8016",58.88,2014-01-01,10.0,35.0,79.46,20.58,15,308.70
112,"Medetomidine/Dexdemetomidine 11-20 kg",294.40,2014-01-01,10.0,35.0,397.29,102.89,3,308.67
IC,"Intensive Care/Isolation Ward/24H",294.40,2014-01-01,10.0,35.0,397.29,102.89,3,308.67
FEL23,"FEL23",53.58,2014-01-01,10.0,35.0,72.31,18.73,16,299.68
STAN1,"STAN1",25.60,2014-09-30,11.5,35.0,34.55,8.95,33,295.35
CANIN23,"CANIN23",102.66,2014-01-01,10.0,35.0,138.54,35.88,8,287.04
240,"240",204.29,2014-01-01,10.0,35.0,275.69,71.40,4,285.60
CPL,"CPL",203.03,2014-01-01,10.0,35.0,273.99,70.96,4,283.84
FEL25,"FEL25",53.58,2014-01-01,10.0,35.0,72.31,18.73,15,280.95
CANIN37,"CANIN37",266.85,2014-01-01,10.0,35.0,360.11,93.26,3,279.78
CANIN5,"CANIN5",131.64,2014-01-01,10.0,35.0,177.65,46.01,6,276.06
CANIN2,"CANIN2",194.82,2014-01-01,10.0,35.0,262.91,68.09,4,272.36
T225,"T225",194.71,2014-01-01,10.0,35.0,262.76,68.05,4,272.20
FEL5,"FEL5",254.11,2014-01-01,10.0,35.0,342.92,88.81,3,266.43
CANIN4,"CANIN4",50.79,2015-04-21,10.9,32.4,67.22,16.43,16,262.88
CANIN53,"CANIN53",93.08,2014-01-01,10.0,35.0,125.61,32.53,8,260.24
AUR,"AUR",56.32,2014-01-01,10.0,35.0,76.00,19.68,13,255.84
CANIN45,"CANIN45",182.96,2014-01-01,10.0,35.0,246.90,63.94,4,255.76
DRONTAL1,"DRONTAL1",12.80,2014-01-01,10.0,35.0,17.27,4.47,57,254.79
025115,"025115",363.52,2014-01-01,10.0,35.0,490.57,127.05,2,254.10
001399,"001399",51.20,2016-03-28,10.0,30.9,67.01,15.81,16,252.96
OPTIX,"OPTIX",65.00,2014-01-01,10.0,35.0,87.72,22.72,11,249.92
BLOOD1,"Bloodwork - General Panel + U/A",357.12,2014-01-01,10.0,35.0,481.93,124.81,2,249.62
CAN76,"CAN76",20.76,2015-06-24,10.8,32.4,27.48,6.72,37,248.64
U5,"U5",118.48,2014-01-01,10.0,35.0,159.89,41.41,6,248.46
CANIN21,"CANIN21",88.04,2014-01-01,10.0,35.0,118.81,30.77,8,246.16
PCV,"PCV",69.12,2015-10-31,10.4,32.4,91.48,22.36,11,245.96
GEN2,"GEN2",345.52,2014-01-01,10.0,35.0,466.28,120.76,2,241.52
FEL14,"FEL14",137.91,2014-01-01,10.0,35.0,186.11,48.20,5,241.00
ALLERGY,"Allergy Panel, K9 Environmental - Idexx",682.83,2014-01-01,10.0,35.0,921.48,238.65,1,238.65
PANAL,"PANAL",56.32,2014-01-01,10.0,35.0,76.00,19.68,12,236.16
FEL29,"FEL29",110.85,2014-01-01,10.0,35.0,149.59,38.74,6,232.44
021817,"021817",179.20,2015-07-15,10.7,32.4,237.18,57.98,4,231.92
FEL8,"FEL8",131.35,2014-01-01,10.0,35.0,177.26,45.91,5,229.55
1425AA,"1425AA",125.44,2014-01-01,10.0,35.0,169.28,43.84,5,219.20
OXY,"Oxygen therapy - first hour",307.20,2014-01-01,10.0,35.0,414.56,107.36,2,214.72
INTERCEP,"INTERCEP",35.84,2014-01-01,10.0,35.0,48.37,12.53,17,213.01
ADV4,"ADV4",49.92,2014-01-01,10.0,35.0,67.37,17.45,12,209.40
TOB,"TOB",53.76,2014-01-01,10.0,35.0,72.55,18.79,11,206.69
CBC1,"CBC1",145.92,2014-01-01,10.0,35.0,196.92,51.00,4,204.00
ADV3,"ADV3",64.00,2014-01-01,10.0,35.0,86.37,22.37,9,201.33
121,"121",192.00,2014-01-01,10.0,35.0,259.10,67.10,3,201.30
BREX,"Exam  Exotics",192.00,2014-01-01,10.0,35.0,259.10,67.10,3,201.30
MED107,"MED107",140.62,2014-01-01,10.0,35.0,189.77,49.15,4,196.60
CANINSUL,"CANINSUL",79.36,2014-01-01,10.0,35.0,107.10,27.74,7,194.18
FEL37,"FEL37",133.68,2014-01-01,10.0,35.0,180.40,46.72,4,186.88
PARA,"Fungal Culture IN",106.24,2014-01-01,10.0,35.0,143.37,37.13,5,185.65
U,"U",74.32,2014-01-01,10.0,35.0,100.29,25.97,7,181.79
MED1B,"MED1B",257.59,2014-01-01,10.0,35.0,347.62,90.03,2,180.06
1015,"House Call(Travel Fee)-add mileage",128.00,2014-01-01,10.0,35.0,172.74,44.74,4,178.96
001420,"001420",128.00,2014-01-01,10.0,35.0,172.74,44.74,4,178.96
FEL35,"FEL35",255.18,2014-01-01,10.0,35.0,344.36,89.18,2,178.36
MED1J,"MED1J",254.26,2014-01-01,10.0,35.0,343.12,88.86,2,177.72
MED1N,"MED1N",7.91,2014-01-01,10.0,35.0,10.67,2.76,64,176.64
SURO1,"SURO1",125.44,2014-01-01,10.0,35.0,169.28,43.84,4,175.36
INTERCE,"INTERCE",25.60,2014-01-01,10.0,35.0,34.55,8.95,19,170.05
MET180,"MET180",486.40,2014-01-01,10.0,35.0,656.39,169.99,1,169.99
TYROID,"TYROID",235.83,2014-01-01,10.0,35.0,318.25,82.42,2,164.84
U3,"U3",234.21,2014-01-01,10.0,35.0,316.07,81.86,2,163.72
CANIN34,"CANIN34",232.09,2014-01-01,10.0,35.0,313.20,81.11,2,162.22
V2,"V2",115.71,2014-01-01,10.0,35.0,156.15,40.44,4,161.76
FUCI,"FUCI",51.20,2014-01-01,10.0,35.0,69.09,17.89,9,161.01
CHEM,"CHEM",151.04,2014-01-01,10.0,35.0,203.83,52.79,3,158.37
US2A,"US2A",448.00,2014-01-01,10.0,35.0,604.57,156.57,1,156.57
MISCT,"Ear Flush",89.60,2014-07-19,11.7,35.0,120.91,31.31,5,156.55
BLOODM,"Blood - Minor Pannel (PCV/Ts + Minor Che",222.72,2014-01-01,10.0,35.0,300.56,77.84,2,155.68
U4,"U4",55.09,2014-01-01,10.0,35.0,74.34,19.25,8,154.00
ADV2,"ADV2",53.76,2014-01-01,10.0,35.0,72.55,18.79,8,150.32
017277,"Snap Parvo Test",140.80,2014-01-01,10.0,35.0,190.01,49.21,3,147.63
FEL36,"FEL36",69.66,2014-01-01,10.0,35.0,94.01,24.35,6,146.10
FLU1,"Fluids  Additional  Bag",74.24,2015-09-14,10.5,32.4,98.26,24.02,6,144.12
FEL27,"FEL27",204.88,2014-01-01,10.0,35.0,276.48,71.60,2,143.20
SYN,"SYN",204.80,2014-01-01,10.0,35.0,276.38,71.58,2,143.16
ADENO,"ADENO",135.68,2014-01-01,10.0,35.0,183.10,47.42,3,142.26
ADV5,"ADV5",50.69,2014-01-01,10.0,35.0,68.41,17.72,8,141.76
T775,"Urine Protein/Creatinine Ratio - Idexx",133.12,2014-01-01,10.0,35.0,179.64,46.52,3,139.56
6294,"Medetomidine/Dexdemetomidine > 45 kg",396.80,2014-01-01,10.0,35.0,535.48,138.68,1,138.68
FEL18,"FEL18",131.48,2014-01-01,10.0,35.0,177.43,45.95,3,137.85
MEDI1,"MEDI1",193.54,2014-01-01,10.0,35.0,261.18,67.64,2,135.28
OP,"Opthamlic  Exam (Schirmer+Fluorescein)",192.00,2014-01-01,10.0,35.0,259.10,67.10,2,134.20
V6,"V6",187.32,2014-01-01,10.0,35.0,252.79,65.47,2,130.94
RHEUM,"RHEUM",6.91,2019-12-27,6.3,24.2,8.58,1.67,78,130.26
CBC,"CBC",123.39,2014-01-01,10.0,35.0,166.51,43.12,3,129.36
CANIN54,"CANIN54",183.42,2014-01-01,10.0,35.0,247.52,64.10,2,128.20
CANIN10,"CANIN10",90.96,2014-01-01,10.0,35.0,122.75,31.79,4,127.16
FEL33,"FEL33",71.19,2014-01-01,10.0,35.0,96.07,24.88,5,124.40
TREA1,"TREA1",20.76,2014-01-01,10.0,35.0,28.02,7.26,17,123.42
V5,"V5",88.14,2014-01-01,10.0,35.0,118.94,30.80,4,123.20
DENTALC,"DENTALC",25.16,2014-01-01,10.0,35.0,33.95,8.79,14,123.06
FEL28,"FEL28",58.47,2014-01-01,10.0,35.0,78.90,20.43,6,122.58
INTERC,"INTERC",19.20,2014-01-01,10.0,35.0,25.91,6.71,18,120.78
PILL,"PILL",24.32,2014-01-01,10.0,35.0,32.82,8.50,14,119.00
CANIN42,"CANIN42",66.41,2014-01-01,10.0,35.0,89.62,23.21,5,116.05
FUCITH,"FUCITH",46.08,2014-01-01,10.0,35.0,62.18,16.10,7,112.70
1234,"Impression Smear with cytology",79.36,2014-01-01,10.0,35.0,107.10,27.74,4,110.96
MED1P,"MED1P",154.85,2014-01-01,10.0,35.0,208.97,54.12,2,108.24
1201,"PCV/Ts Blood Smear/Differential",153.60,2014-01-01,10.0,35.0,207.28,53.68,2,107.36
CANIN29,"CANIN29",99.79,2014-01-01,10.0,35.0,134.67,34.88,3,104.64
1800,"1800",145.92,2014-01-01,10.0,35.0,196.92,51.00,2,102.00
FEL17,"FEL17",70.99,2014-01-01,10.0,35.0,95.80,24.81,4,99.24
010634,"010634",140.80,2014-01-01,10.0,35.0,190.01,49.21,2,98.42
ORIDER,"ORIDER",40.19,2014-01-01,10.0,35.0,54.24,14.05,7,98.35
BG,"Blood Glucose - Additional",52.74,2016-02-16,10.1,30.9,69.02,16.28,6,97.68
CANIN31,"CANIN31",271.87,2014-01-01,10.0,35.0,366.89,95.02,1,95.02
MED1A,"MED1A",135.86,2014-01-01,10.0,35.0,183.34,47.48,2,94.96
FEL1A,"FEL1A",44.72,2014-01-01,10.0,35.0,60.35,15.63,6,93.78
FEL15,"FEL15",86.50,2014-01-01,10.0,35.0,116.73,30.23,3,90.69
MED1R,"MED1R",256.36,2014-01-01,10.0,35.0,345.96,89.60,1,89.60
105,"105",64.00,2014-01-01,10.0,35.0,86.37,22.37,4,89.48
CONV3,"CONV3",128.00,2014-01-01,10.0,35.0,172.74,44.74,2,89.48
OPTH5,"OPTH5",32.00,2014-01-01,10.0,35.0,43.18,11.18,8,89.44
CANIN26,"CANIN26",244.63,2014-01-01,10.0,35.0,330.13,85.50,1,85.50
DRONTAL,"DRONTAL",12.29,2014-01-01,10.0,35.0,16.59,4.30,19,81.70
1406,"1406",76.80,2014-01-01,10.0,35.0,103.64,26.84,3,80.52
U2,"U2",74.32,2014-01-01,10.0,35.0,100.29,25.97,3,77.91
CANIN41,"CANIN41",220.24,2014-01-01,10.0,35.0,297.21,76.97,1,76.97
FEL46,"FEL46",4.76,2014-01-01,10.0,35.0,6.42,1.66,46,76.36
CANIN32,"CANIN32",107.49,2014-01-01,10.0,35.0,145.06,37.57,2,75.14
POT,"POT",213.89,2014-01-01,10.0,35.0,288.64,74.75,1,74.75
PROG,"PROG",210.94,2014-01-01,10.0,35.0,284.66,73.72,1,73.72
FUNGUSS,"FUNGUSS",208.41,2014-01-01,10.0,35.0,281.25,72.84,1,72.84
CANIN13,"CANIN13",208.05,2014-01-01,10.0,35.0,280.76,72.71,1,72.71
OPTH4,"OPTH4",29.44,2014-01-01,10.0,35.0,39.73,10.29,7,72.03
BUP,"BUP",51.20,2014-01-01,10.0,35.0,69.09,17.89,4,71.56
MED154,"MED154",204.29,2014-01-01,10.0,35.0,275.69,71.40,1,71.40
FEL7,"FEL7",68.07,2014-01-01,10.0,35.0,91.86,23.79,3,71.37
PROFENDE,"PROFENDE",49.92,2014-01-01,10.0,35.0,67.37,17.45,4,69.80
FEL47,"FEL47",4.76,2014-01-01,10.0,35.0,6.42,1.66,41,68.06
5VWA,"Feeding Tube Placement",192.00,2014-01-01,10.0,35.0,259.10,67.10,1,67.10
CONV2,"CONV2",38.40,2014-01-01,10.0,35.0,51.82,13.42,5,67.10
T460,"T460",192.00,2014-01-01,10.0,35.0,259.10,67.10,1,67.10
PVD,"PVD",4.63,2014-10-17,11.5,35.0,6.25,1.62,39,63.18
U1,"U1",180.17,2014-01-01,10.0,35.0,243.14,62.97,1,62.97
CANINSU,"CANINSU",12.80,2014-01-01,10.0,35.0,17.27,4.47,14,62.58
MED200,"MED200",88.06,2014-01-01,10.0,35.0,118.84,30.78,2,61.56
CANIN19,"CANIN19",175.26,2014-01-01,10.0,35.0,236.51,61.25,1,61.25
CHA,"CHA",61.44,2015-03-23,11.0,32.4,81.32,19.88,3,59.64
INTER,"INTER",15.36,2014-01-01,10.0,35.0,20.73,5.37,11,59.07
000791A,"000791A",28.16,2014-01-01,10.0,35.0,38.00,9.84,6,59.04
FEL16,"FEL16",163.43,2014-01-01,10.0,35.0,220.55,57.12,1,57.12
MCRC1,"MCRC1",54.20,2014-01-01,10.0,35.0,73.14,18.94,3,56.82
ADV,"ADV",53.76,2014-01-01,10.0,35.0,72.55,18.79,3,56.37
T510,"T510",159.05,2014-01-01,10.0,35.0,214.64,55.59,1,55.59
SOFTA,"SOFTA",153.60,2014-04-23,11.9,35.0,207.28,53.68,1,53.68
BAY1,"BAY1",76.80,2014-01-01,10.0,35.0,103.64,26.84,2,53.68
TI,"TI",150.84,2014-01-01,10.0,35.0,203.56,52.72,1,52.72
CANIN36,"CANIN36",72.73,2014-01-01,10.0,35.0,98.15,25.42,2,50.84
CORTIS,"CORTIS",66.66,2014-01-01,10.0,35.0,89.96,23.30,2,46.60
T465,"T465",133.12,2014-01-01,10.0,35.0,179.64,46.52,1,46.52
MED,"MED",13.08,2014-01-01,10.0,35.0,17.65,4.57,10,45.70
CANIN60,"CANIN60",8.70,2014-01-01,10.0,35.0,11.74,3.04,15,45.60
MEDICAL2,"MEDICAL2",65.20,2014-01-01,10.0,35.0,87.99,22.79,2,45.58
CANIN3,"CANIN3",129.43,2014-01-01,10.0,35.0,174.67,45.24,1,45.24
115,"Sedation SQ  Injection",128.00,2014-01-01,10.0,35.0,172.74,44.74,1,44.74
NL,"NL",128.00,2014-01-01,10.0,35.0,172.74,44.74,1,44.74
V,"V",63.33,2014-01-01,10.0,35.0,85.46,22.13,2,44.26
CANIN25,"CANIN25",124.52,2014-01-01,10.0,35.0,168.04,43.52,1,43.52
BAY3,"BAY3",40.96,2014-01-01,10.0,35.0,55.28,14.32,3,42.96
GLUCO1,"GLUCO1",120.32,2014-01-01,10.0,35.0,162.37,42.05,1,42.05
MEDI134,"MEDI134",19.97,2014-01-01,10.0,35.0,26.95,6.98,6,41.88
BM2,"Vaginal Swab (With Cytology) IN",119.04,2014-01-01,10.0,35.0,160.64,41.60,1,41.60
NOVO1,"NOVO1",58.88,2014-01-01,10.0,35.0,79.46,20.58,2,41.16
FEL44,"FEL44",6.40,2014-01-01,10.0,35.0,8.64,2.24,18,40.32
MEDI139,"MEDI139",38.37,2014-01-01,10.0,35.0,51.78,13.41,3,40.23
019199,"019199",37.38,2014-01-01,10.0,35.0,50.44,13.06,3,39.18
HAIR,"HAIR",27.90,2014-01-01,10.0,35.0,37.65,9.75,4,39.00
CANIN38,"CANIN38",109.03,2014-01-01,10.0,35.0,147.14,38.11,1,38.11
GLUCO,"GLUCO",51.20,2014-01-01,10.0,35.0,69.09,17.89,2,35.78
FUCI1,"FUCI1",99.84,2014-01-01,10.0,35.0,134.73,34.89,1,34.89
SOFT,"Soft Paws Feline",97.28,2014-01-01,10.0,35.0,131.28,34.00,1,34.00
FLO,"FLO",48.64,2014-01-01,10.0,35.0,65.64,17.00,2,34.00
NOVO,"NOVO",32.00,2014-01-01,10.0,35.0,43.18,11.18,3,33.54
V4,"V4",46.82,2014-01-01,10.0,35.0,63.18,16.36,2,32.72
CANIN6,"CANIN6",91.57,2014-01-01,10.0,35.0,123.57,32.00,1,32.00
1425,"1425",89.60,2014-01-01,10.0,35.0,120.91,31.31,1,31.31
DEX,"DEX",89.60,2014-01-01,10.0,35.0,120.91,31.31,1,31.31
CANIN73,"CANIN73",6.84,2014-01-01,10.0,35.0,9.23,2.39,13,31.07
MED1O,"MED1O",86.53,2014-01-01,10.0,35.0,116.77,30.24,1,30.24
0123,"0123",83.87,2014-01-01,10.0,35.0,113.18,29.31,1,29.31
MEDI2,"MEDI2",83.33,2014-01-01,10.0,35.0,112.45,29.12,1,29.12
PREDNIS,"PREDNIS",81.92,2014-01-01,10.0,35.0,110.55,28.63,1,28.63
TREA2,"TREA2",13.44,2014-01-01,10.0,35.0,18.14,4.70,6,28.20
022728,"022728",79.36,2014-01-01,10.0,35.0,107.10,27.74,1,27.74
6298,"6298",76.80,2014-01-01,10.0,35.0,103.64,26.84,1,26.84
CHAR,"CHAR",76.80,2014-01-01,10.0,35.0,103.64,26.84,1,26.84
TIMOP,"TIMOP",74.24,2014-01-01,10.0,35.0,100.19,25.95,1,25.95
CAN,"CAN",69.12,2014-01-01,10.0,35.0,93.28,24.16,1,24.16
007209,"007209",69.12,2014-01-01,10.0,35.0,93.28,24.16,1,24.16
MED72,"MED72",4.48,2014-01-01,10.0,35.0,6.05,1.57,15,23.55
MEDI137,"MEDI137",32.84,2014-01-01,10.0,35.0,44.32,11.48,2,22.96
FEL1,"FEL1",64.31,2014-01-01,10.0,35.0,86.79,22.48,1,22.48
FEL40,"FEL40",5.84,2014-01-01,10.0,35.0,7.88,2.04,11,22.44
MOM,"MOM",64.00,2014-01-01,10.0,35.0,86.37,22.37,1,22.37
OPTI,"OPTI",32.00,2014-01-01,10.0,35.0,43.18,11.18,2,22.36
FEL13,"FEL13",63.62,2014-01-01,10.0,35.0,85.85,22.23,1,22.23
FEL11,"FEL11",63.59,2014-01-01,10.0,35.0,85.81,22.22,1,22.22
CLA,"CLA",4.58,2014-01-01,10.0,35.0,6.18,1.60,13,20.80
TOLF,"TOLF",2.56,2015-06-25,10.8,32.4,3.39,0.83,25,20.75
TRA,"TRA",6.40,2014-01-01,10.0,35.0,8.64,2.24,9,20.16
CHLOR,"CHLOR",28.16,2014-01-01,10.0,35.0,38.00,9.84,2,19.68
MEDI150,"MEDI150",55.65,2014-01-01,10.0,35.0,75.10,19.45,1,19.45
MAXI,"MAXI",53.76,2014-01-01,10.0,35.0,72.55,18.79,1,18.79
FEL41,"FEL41",5.17,2014-01-01,10.0,35.0,6.98,1.81,10,18.10
CANIN72,"CANIN72",8.58,2014-01-01,10.0,35.0,11.58,3.00,6,18.00
DER,"DER",25.60,2014-01-01,10.0,35.0,34.55,8.95,2,17.90
CAN1,"CAN1",51.20,2014-01-01,10.0,35.0,69.09,17.89,1,17.89
APOMORP,"APOMORP",48.64,2014-01-01,10.0,35.0,65.64,17.00,1,17.00
META,"META",48.64,2014-01-01,10.0,35.0,65.64,17.00,1,17.00
VETSO,"VETSO",47.51,2014-01-01,10.0,35.0,64.11,16.60,1,16.60
VETSOL,"VETSOL",47.51,2014-01-01,10.0,35.0,64.11,16.60,1,16.60
TRAMADOL,"TRAMADOL",5.63,2014-01-01,10.0,35.0,7.60,1.97,8,15.76
FEL49,"FEL49",5.50,2014-01-01,10.0,35.0,7.42,1.92,8,15.36
FEL48,"FEL48",4.86,2014-01-01,10.0,35.0,6.56,1.70,9,15.30
CLINI,"CLINI",21.76,2014-01-01,10.0,35.0,29.37,7.61,2,15.22
TREAT7,"TREAT7",14.52,2014-01-01,10.0,35.0,19.59,5.07,3,15.21
PILL1,"PILL1",24.32,2016-12-30,9.3,30.9,31.83,7.51,2,15.02
CANIN66,"CANIN66",8.55,2014-01-01,10.0,35.0,11.54,2.99,5,14.95
MEDI138,"MEDI138",21.20,2014-01-01,10.0,35.0,28.61,7.41,2,14.82
MED144,"MED144",7.07,2014-01-01,10.0,35.0,9.54,2.47,6,14.82
012613,"012613",39.68,2014-01-01,10.0,35.0,53.55,13.87,1,13.87
CANIN68,"CANIN68",9.40,2014-01-01,10.0,35.0,12.69,3.29,4,13.16
MED1G,"MED1G",37.02,2014-01-01,10.0,35.0,49.96,12.94,1,12.94
TRAMA,"TRAMA",7.17,2014-01-01,10.0,35.0,9.68,2.51,5,12.55
BAY,"BAY",11.52,2014-01-01,10.0,35.0,15.55,4.03,3,12.09
DOXYC,"DOXYC",3.07,2014-01-01,10.0,35.0,4.14,1.07,11,11.77
VANECTYL,"VANECTYL",1.79,2014-01-01,10.0,35.0,2.42,0.63,18,11.34
CANIN74,"CANIN74",7.53,2014-01-01,10.0,35.0,10.16,2.63,4,10.52
LAC,"LAC",28.16,2014-01-01,10.0,35.0,38.00,9.84,1,9.84
020062,"020062",28.16,2014-01-01,10.0,35.0,38.00,9.84,1,9.84
FEL50,"FEL50",5.56,2014-01-01,10.0,35.0,7.50,1.94,5,9.70
IVO,"IVO",7.68,2016-12-24,9.3,30.9,10.05,2.37,4,9.48
CANIN61,"CANIN61",8.01,2014-01-01,10.0,35.0,10.81,2.80,3,8.40
TRE,"TRE",11.83,2014-01-01,10.0,35.0,15.96,4.13,2,8.26
FEL42,"FEL42",5.17,2014-01-01,10.0,35.0,6.98,1.81,4,7.24
CANIN67,"CANIN67",10.04,2014-01-01,10.0,35.0,13.55,3.51,2,7.02
KETO,"KETO",4.86,2014-01-01,10.0,35.0,6.56,1.70,4,6.80
BAY2,"BAY2",5.76,2014-01-01,10.0,35.0,7.77,2.01,3,6.03
CANIN62,"CANIN62",8.01,2014-01-01,10.0,35.0,10.81,2.80,2,5.60
MED1E,"MED1E",7.83,2014-01-01,10.0,35.0,10.57,2.74,2,5.48
ROBAXIN1,"ROBAXIN1",2.56,2014-01-01,10.0,35.0,3.45,0.89,6,5.34
AVENTIC,"AVENTIC",2.82,2014-01-01,10.0,35.0,3.81,0.99,5,4.95
FEL26A,"FEL26A",6.35,2014-01-01,10.0,35.0,8.57,2.22,2,4.44
TREA,"TREA",11.83,2014-01-01,10.0,35.0,15.96,4.13,1,4.13
INTERVSP,"INTERVSP",1.79,2014-01-01,10.0,35.0,2.42,0.63,6,3.78
STRATHC,"STRATHC",5.07,2014-01-01,10.0,35.0,6.84,1.77,2,3.54
MED1C1,"MED1C1",4.86,2014-01-01,10.0,35.0,6.56,1.70,2,3.40
CANIN59,"CANIN59",9.06,2014-01-01,10.0,35.0,12.23,3.17,1,3.17
8032,"8032",8.96,2014-01-01,10.0,35.0,12.09,3.13,1,3.13
CANIN70,"CANIN70",8.55,2014-01-01,10.0,35.0,11.54,2.99,1,2.99
CLIN2,"CLIN2",4.22,2014-01-01,10.0,35.0,5.69,1.47,2,2.94
CANIN71,"CANIN71",8.01,2014-01-01,10.0,35.0,10.81,2.80,1,2.80
CANIN75,"CANIN75",6.86,2014-01-01,10.0,35.0,9.26,2.40,1,2.40
FEL43,"FEL43",6.40,2014-01-01,10.0,35.0,8.64,2.24,1,2.24
RIMADYL,"RIMADYL",5.12,2014-01-01,10.0,35.0,6.91,1.79,1,1.79
CLOM20,"CLOM20",2.56,2014-01-01,10.0,35.0,3.45,0.89,2,1.78
ROBAX,"ROBAX",4.48,2014-01-01,10.0,35.0,6.05,1.57,1,1.57
POTA,"POTA",4.17,2014-01-01,10.0,35.0,5.63,1.46,1,1.46
CIS,"CIS",1.92,2014-01-01,10.0,35.0,2.59,0.67,2,1.34
PALADIN,"PALADIN",1.51,2014-01-01,10.0,35.0,2.04,0.53,2,1.06
BOEHRING,"BOEHRING",2.56,2014-01-01,10.0,35.0,3.45,0.89,1,0.89
CLOM5,"CLOM5",2.43,2014-01-01,10.0,35.0,3.28,0.85,1,0.85
CISA3,"CISA3",1.79,2014-01-01,10.0,35.0,2.42,0.63,1,0.63
117,"117",230.40,2014-01-01,10.0,35.0,310.92,80.52,0,0.00
201,"Medication Administered While Boarding",51.20,2014-01-01,10.0,35.0,69.09,17.89,0,0.00
202,"202",51.20,2014-01-01,10.0,35.0,69.09,17.89,0,0.00
203,"Exercise Daily Fee",48.64,2014-01-01,10.0,35.0,65.64,17.00,0,0.00
503,"503",179.20,2014-01-01,10.0,35.0,241.83,62.63,0,0.00
8195,"8195",10.24,2014-01-01,10.0,35.0,13.82,3.58,0,0.00
NF,"Nursing Fee",99.84,2014-01-01,10.0,35.0,134.73,34.89,0,0.00
GEN2A,"GEN2A",216.22,2014-01-01,10.0,35.0,291.79,75.57,0,0.00
GER1,"GER1",355.97,2014-01-01,10.0,35.0,480.38,124.41,0,0.00
GEN1,"GEN1",303.23,2014-01-01,10.0,35.0,409.21,105.98,0,0.00
GENUA,"GENUA",329.60,2014-01-01,10.0,35.0,444.79,115.19,0,0.00
ROPE,"ROPE",3.84,2014-01-01,10.0,35.0,5.18,1.34,0,0.00
TRAN,"Transtracheal  Wash",337.92,2014-01-01,10.0,35.0,456.02,118.10,0,0.00
CYST1,"CYST1",320.00,2014-01-01,10.0,35.0,431.84,111.84,0,0.00
US2,"US2",1472.00,2014-01-01,10.0,35.0,1986.46,514.46,0,0.00
US512,"US512",1024.00,2014-01-01,10.0,35.0,1381.88,357.88,0,0.00
US12,"Ultrasound Senior Q 12 Months",512.00,2014-01-01,10.0,35.0,690.94,178.94,0,0.00
NOVA2,"NOVA2",51.20,2014-01-01,10.0,35.0,69.09,17.89,0,0.00
SERINGE,"SERINGE",2.12,2014-01-01,10.0,35.0,2.86,0.74,0,0.00
HAIR1,"HAIR1",34.61,2014-01-01,10.0,35.0,46.71,12.10,0,0.00
OPTH9,"OPTH9",70.40,2014-01-01,10.0,35.0,95.00,24.60,0,0.00
AURI2,"AURI2",102.40,2014-01-01,10.0,35.0,138.19,35.79,0,0.00
AZI,"AZI",46.08,2014-01-01,10.0,35.0,62.18,16.10,0,0.00
AZI1,"AZI1",64.00,2014-01-01,10.0,35.0,86.37,22.37,0,0.00
BNP,"BNP",32.00,2014-01-01,10.0,35.0,43.18,11.18,0,0.00
024708,"024708",6.40,2014-01-01,10.0,35.0,8.64,2.24,0,0.00
025157,"025157",9.60,2014-01-01,10.0,35.0,12.96,3.36,0,0.00
024707,"024707",3.58,2014-01-01,10.0,35.0,4.83,1.25,0,0.00
022177,"022177",128.00,2014-01-01,10.0,35.0,172.74,44.74,0,0.00
DISP,"DISP",30.72,2014-01-01,10.0,35.0,41.46,10.74,0,0.00
1425A,"1425A",94.72,2014-01-01,10.0,35.0,127.82,33.10,0,0.00
DEXT,"DEXT",38.40,2014-01-01,10.0,35.0,51.82,13.42,0,0.00
ECOL3,"ECOL3",23.04,2014-01-01,10.0,35.0,31.09,8.05,0,0.00
007194,"007194",43.52,2015-04-14,11.0,32.4,57.60,14.08,0,0.00
007195,"007195",46.08,2014-01-01,10.0,35.0,62.18,16.10,0,0.00
009857,"009857",24.32,2014-01-01,10.0,35.0,32.82,8.50,0,0.00
009861,"009861",24.32,2014-01-01,10.0,35.0,32.82,8.50,0,0.00
009862,"009862",19.20,2014-01-01,10.0,35.0,25.91,6.71,0,0.00
009905,"009905",19.20,2014-01-01,10.0,35.0,25.91,6.71,0,0.00
009907,"009907",19.20,2014-01-01,10.0,35.0,25.91,6.71,0,0.00
009931,"009931",14.08,2014-01-01,10.0,35.0,19.00,4.92,0,0.00
BAHS047,"BAHS047",17.92,2014-01-01,10.0,35.0,24.18,6.26,0,0.00
CDMV,"CDMV",46.08,2014-01-01,10.0,35.0,62.18,16.10,0,0.00
METRO,"METRO",23.04,2014-01-01,10.0,35.0,31.09,8.05,0,0.00
012392,"012392",115.20,2014-01-01,10.0,35.0,155.46,40.26,0,0.00
014792,"014792",28.16,2014-01-01,10.0,35.0,38.00,9.84,0,0.00
020596,"020596",38.40,2014-01-01,10.0,35.0,51.82,13.42,0,0.00
ANI,"ANI",10.24,2014-01-01,10.0,35.0,13.82,3.58,0,0.00
PHENO4,"PHENO4",3.15,2014-01-01,10.0,35.0,4.25,1.10,0,0.00
PHENO,"PHENO",51.20,2014-01-01,10.0,35.0,69.09,17.89,0,0.00
CLINI1,"CLINI1",21.76,2014-01-01,10.0,35.0,29.37,7.61,0,0.00
CLINI2,"CLINI2",22.84,2014-01-01,10.0,35.0,30.82,7.98,0,0.00
CYCLO1,"CYCLO1",179.20,2014-01-01,10.0,35.0,241.83,62.63,0,0.00
OPTH2,"OPTH2",26.62,2014-01-01,10.0,35.0,35.92,9.30,0,0.00
HEMO,"HEMO",23.04,2014-01-01,10.0,35.0,31.09,8.05,0,0.00
HEX,"HEX",38.40,2014-01-01,10.0,35.0,51.82,13.42,0,0.00
HUM,"HUM",102.40,2014-01-01,10.0,35.0,138.19,35.79,0,0.00
K1VIT1,"K1VIT1",5.32,2014-01-01,10.0,35.0,7.18,1.86,0,0.00
KAOL,"KAOL",40.96,2014-01-01,10.0,35.0,55.28,14.32,0,0.00
KAO,"KAO",34.56,2014-01-01,10.0,35.0,46.64,12.08,0,0.00
INTERVET,"INTERVET",19.20,2014-01-01,10.0,35.0,25.91,6.71,0,0.00
METAC,"METAC",102.40,2014-01-01,10.0,35.0,138.19,35.79,0,0.00
METO,"METO",19.20,2014-01-01,10.0,35.0,25.91,6.71,0,0.00
MIR1,"MIR1",17.92,2014-01-01,10.0,35.0,24.18,6.26,0,0.00
NOVA3,"NOVA3",26.88,2014-01-01,10.0,35.0,36.27,9.39,0,0.00
NOVAMO,"NOVAMO",51.20,2014-01-01,10.0,35.0,69.09,17.89,0,0.00
NOVA4,"NOVA4",26.88,2014-01-01,10.0,35.0,36.27,9.39,0,0.00
NOVO23,"NOVO23",71.68,2014-01-01,10.0,35.0,96.73,25.05,0,0.00
OPTH10,"OPTH10",25.60,2014-01-01,10.0,35.0,34.55,8.95,0,0.00
OPTH71,"OPTH71",35.07,2014-01-01,10.0,35.0,47.33,12.26,0,0.00
OPTH8,"OPTH8",48.13,2014-01-01,10.0,35.0,64.95,16.82,0,0.00
ORIDERM,"ORIDERM",102.40,2014-01-01,10.0,35.0,138.19,35.79,0,0.00
OTOMITE,"OTOMITE",24.32,2014-01-01,10.0,35.0,32.82,8.50,0,0.00
OX,"OX",76.80,2014-01-01,10.0,35.0,103.64,26.84,0,0.00
OX1,"OX1",20.48,2014-01-01,10.0,35.0,27.64,7.16,0,0.00
PANAC,"PANAC",12.80,2014-01-01,10.0,35.0,17.27,4.47,0,0.00
PANA1,"PANA1",12.80,2014-01-01,10.0,35.0,17.27,4.47,0,0.00
PANA2,"PANA2",19.20,2014-01-01,10.0,35.0,25.91,6.71,0,0.00
PANA3,"PANA3",9.98,2014-01-01,10.0,35.0,13.47,3.49,0,0.00
PANAL1,"PANAL1",227.84,2014-01-01,10.0,35.0,307.47,79.63,0,0.00
PATAS,"PATAS",3.84,2014-01-01,10.0,35.0,5.18,1.34,0,0.00
PROF1,"PROF1",34.56,2014-01-01,10.0,35.0,46.64,12.08,0,0.00
REN1,"REN1",64.00,2014-01-01,10.0,35.0,86.37,22.37,0,0.00
ALLERGAN,"ALLERGAN",44.80,2014-01-01,10.0,35.0,60.46,15.66,0,0.00
CANINE,"CANINE",268.36,2014-01-01,10.0,35.0,362.15,93.79,0,0.00
01,"01",190.11,2014-01-01,10.0,35.0,256.55,66.44,0,0.00
012,"012",83.87,2014-01-01,10.0,35.0,113.18,29.31,0,0.00
B,"B",268.36,2014-01-01,10.0,35.0,362.15,93.79,0,0.00
CANIN11,"CANIN11",164.04,2014-01-01,10.0,35.0,221.37,57.33,0,0.00
CANIN12,"CANIN12",227.92,2014-01-01,10.0,35.0,307.58,79.66,0,0.00
CANIN14,"CANIN14",213.43,2014-01-01,10.0,35.0,288.02,74.59,0,0.00
CANIN15,"CANIN15",45.70,2014-01-01,10.0,35.0,61.67,15.97,0,0.00
CANIN28,"CANIN28",326.30,2014-01-01,10.0,35.0,440.34,114.04,0,0.00
CANIN30,"CANIN30",184.47,2014-01-01,10.0,35.0,248.94,64.47,0,0.00
CANIN33,"CANIN33",194.94,2014-01-01,10.0,35.0,263.07,68.13,0,0.00
CANIN35,"CANIN35",167.73,2014-01-01,10.0,35.0,226.35,58.62,0,0.00
02,"FVS follow up echocardiogram",208.15,2014-01-01,10.0,35.0,280.90,72.75,0,0.00
CANIN43,"CANIN43",121.93,2014-01-01,10.0,35.0,164.54,42.61,0,0.00
CANIN44,"CANIN44",151.24,2014-01-01,10.0,35.0,204.10,52.86,0,0.00
CANIN48,"CANIN48",126.92,2014-01-01,10.0,35.0,171.28,44.36,0,0.00
CANIN49,"CANIN49",70.30,2014-01-01,10.0,35.0,94.87,24.57,0,0.00
CANIN50,"CANIN50",129.95,2014-01-01,10.0,35.0,175.37,45.42,0,0.00
CANIN51,"CANIN51",182.96,2014-01-01,10.0,35.0,246.90,63.94,0,0.00
CANIN55,"CANIN55",97.74,2014-01-01,10.0,35.0,131.90,34.16,0,0.00
CANIN56,"CANIN56",172.08,2014-01-01,10.0,35.0,232.22,60.14,0,0.00
CANIN57,"CANIN57",252.13,2014-01-01,10.0,35.0,340.25,88.12,0,0.00
CANIN58,"CANIN58",12.90,2014-01-01,10.0,35.0,17.41,4.51,0,0.00
CANIN63,"CANIN63",8.22,2014-01-01,10.0,35.0,11.09,2.87,0,0.00
CANIN64,"CANIN64",8.40,2014-01-01,10.0,35.0,11.34,2.94,0,0.00
AD,"AD",6.43,2014-01-01,10.0,35.0,8.68,2.25,0,0.00
CANIN69,"CANIN69",6.94,2014-01-01,10.0,35.0,9.37,2.43,0,0.00
FEL3,"FEL3",167.78,2014-01-01,10.0,35.0,226.42,58.64,0,0.00
FEL9,"FEL9",107.19,2014-01-01,10.0,35.0,144.65,37.46,0,0.00
FEL10,"FEL10",79.64,2014-01-01,10.0,35.0,107.47,27.83,0,0.00
FEL19,"FEL19",65.38,2014-01-01,10.0,35.0,88.23,22.85,0,0.00
FEL20,"FEL20",44.03,2014-01-01,10.0,35.0,59.42,15.39,0,0.00
FEL26,"FEL26",82.46,2014-01-01,10.0,35.0,111.28,28.82,0,0.00
FEL30,"FEL30",130.92,2014-01-01,10.0,35.0,176.68,45.76,0,0.00
FEL31,"FEL31",58.47,2014-01-01,10.0,35.0,78.90,20.43,0,0.00
FEL32,"FEL32",110.85,2014-01-01,10.0,35.0,149.59,38.74,0,0.00
FEL38,"FEL38",69.66,2014-01-01,10.0,35.0,94.01,24.35,0,0.00
FEL39,"FEL39",133.68,2014-01-01,10.0,35.0,180.40,46.72,0,0.00
FEL45,"FEL45",5.89,2014-01-01,10.0,35.0,7.95,2.06,0,0.00
MEDI,"MEDI",233.86,2014-01-01,10.0,35.0,315.59,81.73,0,0.00
MEDI3,"MEDI3",129.43,2014-01-01,10.0,35.0,174.67,45.24,0,0.00
MEDI4,"MEDI4",145.41,2014-01-01,10.0,35.0,196.23,50.82,0,0.00
MEDI5,"MEDI5",243.00,2014-01-01,10.0,35.0,327.93,84.93,0,0.00
MEDI6,"MEDI6",81.33,2014-01-01,10.0,35.0,109.75,28.42,0,0.00
MEDI7,"MEDI7",131.43,2014-01-01,10.0,35.0,177.36,45.93,0,0.00
MEDI8,"MEDI8",39.24,2014-01-01,10.0,35.0,52.95,13.71,0,0.00
MEDI9,"MEDI9",69.61,2014-01-01,10.0,35.0,93.94,24.33,0,0.00
MEDI10,"MEDI10",183.71,2014-01-01,10.0,35.0,247.92,64.21,0,0.00
MEDI11,"MEDI11",218.09,2014-01-01,10.0,35.0,294.31,76.22,0,0.00
MEDI12,"MEDI12",74.88,2014-01-01,10.0,35.0,101.05,26.17,0,0.00
MEDI13,"MEDI13",232.70,2014-01-01,10.0,35.0,314.03,81.33,0,0.00
MEDI14,"MEDI14",73.75,2014-01-01,10.0,35.0,99.53,25.78,0,0.00
MEDI15,"MEDI15",163.97,2014-01-01,10.0,35.0,221.28,57.31,0,0.00
MEDI16,"MEDI16",276.81,2014-01-01,10.0,35.0,373.55,96.74,0,0.00
MEDI17,"MEDI17",91.39,2014-01-01,10.0,35.0,123.33,31.94,0,0.00
MEDI18,"MEDI18",193.05,2014-01-01,10.0,35.0,260.52,67.47,0,0.00
MEDI19,"MEDI19",202.39,2014-01-01,10.0,35.0,273.12,70.73,0,0.00
MEDI20,"MEDI20",77.85,2014-01-01,10.0,35.0,105.06,27.21,0,0.00
MEDI21,"MEDI21",321.38,2014-01-01,10.0,35.0,433.70,112.32,0,0.00
MEDI22,"MEDI22",112.90,2014-01-01,10.0,35.0,152.36,39.46,0,0.00
MEDI23,"MEDI23",208.10,2014-01-01,10.0,35.0,280.83,72.73,0,0.00
MEDI24,"MEDI24",117.66,2014-01-01,10.0,35.0,158.78,41.12,0,0.00
MEDI25,"MEDI25",196.71,2014-01-01,10.0,35.0,265.46,68.75,0,0.00
MEDI26,"MEDI26",381.90,2014-01-01,10.0,35.0,515.37,133.47,0,0.00
MEDI27,"MEDI27",240.13,2014-01-01,10.0,35.0,324.05,83.92,0,0.00
MEDI28,"MEDI28",295.40,2014-01-01,10.0,35.0,398.64,103.24,0,0.00
MEDI29,"MEDI29",86.45,2014-01-01,10.0,35.0,116.66,30.21,0,0.00
MEDI30,"MEDI30",205.00,2014-01-01,10.0,35.0,276.65,71.65,0,0.00
MEDI31,"MEDI31",208.72,2014-01-01,10.0,35.0,281.67,72.95,0,0.00
MEDI32,"MEDI32",106.62,2014-01-01,10.0,35.0,143.88,37.26,0,0.00
MEDI33,"MEDI33",52.17,2014-01-01,10.0,35.0,70.40,18.23,0,0.00
MEDI34,"MEDI34",37.09,2014-01-01,10.0,35.0,50.05,12.96,0,0.00
MEDI35,"MEDI35",177.54,2014-01-01,10.0,35.0,239.59,62.05,0,0.00
MEDI36,"MEDI36",37.63,2014-01-01,10.0,35.0,50.78,13.15,0,0.00
MEDI37,"MEDI37",56.45,2014-01-01,10.0,35.0,76.18,19.73,0,0.00
MEDI38,"MEDI38",179.81,2014-01-01,10.0,35.0,242.65,62.84,0,0.00
MEDI39,"MEDI39",179.28,2014-01-01,10.0,35.0,241.94,62.66,0,0.00
MEDI40,"MEDI40",63.62,2014-01-01,10.0,35.0,85.85,22.23,0,0.00
MEDI41,"MEDI41",111.59,2014-01-01,10.0,35.0,150.59,39.00,0,0.00
MEDI42,"MEDI42",197.56,2014-01-01,10.0,35.0,266.61,69.05,0,0.00
MEDI43,"MEDI43",57.34,2014-01-01,10.0,35.0,77.38,20.04,0,0.00
MEDI44,"MEDI44",73.47,2014-01-01,10.0,35.0,99.15,25.68,0,0.00
MEDI45,"MEDI45",249.19,2014-01-01,10.0,35.0,336.28,87.09,0,0.00
MEDI46,"MEDI46",172.93,2014-01-01,10.0,35.0,233.37,60.44,0,0.00
MEDI47,"MEDI47",8.17,2014-01-01,10.0,35.0,11.03,2.86,0,0.00
MEDICAL,"MEDICAL",211.46,2014-01-01,10.0,35.0,285.36,73.90,0,0.00
MEDI48,"MEDI48",210.74,2014-01-01,10.0,35.0,284.39,73.65,0,0.00
MEDI49,"MEDI49",77.06,2014-01-01,10.0,35.0,103.99,26.93,0,0.00
MEDI50,"MEDI50",66.25,2014-01-01,10.0,35.0,89.40,23.15,0,0.00
MEDI51,"MEDI51",132.61,2014-01-01,10.0,35.0,178.96,46.35,0,0.00
MEDI52,"MEDI52",240.13,2014-01-01,10.0,35.0,324.05,83.92,0,0.00
MEDI53,"MEDI53",275.97,2014-01-01,10.0,35.0,372.42,96.45,0,0.00
MEDI54,"MEDI54",80.64,2014-01-01,10.0,35.0,108.82,28.18,0,0.00
MEDI55,"MEDI55",137.78,2014-01-01,10.0,35.0,185.93,48.15,0,0.00
MEDI57,"MEDI57",279.53,2014-01-01,10.0,35.0,377.22,97.69,0,0.00
MEDI58,"MEDI58",121.86,2014-01-01,10.0,35.0,164.45,42.59,0,0.00
MEDI59,"MEDI59",192.69,2014-01-01,10.0,35.0,260.03,67.34,0,0.00
MEDI60,"MEDI60",240.61,2014-01-01,10.0,35.0,324.70,84.09,0,0.00
MEDI61,"MEDI61",79.41,2014-01-01,10.0,35.0,107.16,27.75,0,0.00
MEDI62,"MEDI62",78.31,2014-01-01,10.0,35.0,105.68,27.37,0,0.00
MEDI63,"MEDI63",193.15,2014-01-01,10.0,35.0,260.65,67.50,0,0.00
MEDI65,"MEDI65",90.50,2014-01-01,10.0,35.0,122.13,31.63,0,0.00
MEDI66,"MEDI66",85.30,2014-01-01,10.0,35.0,115.11,29.81,0,0.00
MEDI67,"MEDI67",6.32,2014-01-01,10.0,35.0,8.53,2.21,0,0.00
MEDI68,"MEDI68",8.50,2014-01-01,10.0,35.0,11.47,2.97,0,0.00
MEDI69,"MEDI69",6.94,2014-01-01,10.0,35.0,9.37,2.43,0,0.00
MEDI70,"MEDI70",7.14,2014-01-01,10.0,35.0,9.64,2.50,0,0.00
MEDI71,"MEDI71",8.55,2014-01-01,10.0,35.0,11.54,2.99,0,0.00
MEDI72,"MEDI72",8.81,2014-01-01,10.0,35.0,11.89,3.08,0,0.00
MEDI73,"MEDI73",95.87,2014-01-01,10.0,35.0,129.38,33.51,0,0.00
MEDI74,"MEDI74",7.07,2014-01-01,10.0,35.0,9.54,2.47,0,0.00
MEDI75,"MEDI75",7.91,2014-01-01,10.0,35.0,10.67,2.76,0,0.00
MEDI76,"MEDI76",8.17,2014-01-01,10.0,35.0,11.03,2.86,0,0.00
MEDI77A,"MEDI77A",8.27,2014-01-01,10.0,35.0,11.16,2.89,0,0.00
MEDI78,"MEDI78",6.84,2014-01-01,10.0,35.0,9.23,2.39,0,0.00
MEDI79,"MEDI79",7.09,2014-01-01,10.0,35.0,9.57,2.48,0,0.00
MEDI80,"MEDI80",8.29,2014-01-01,10.0,35.0,11.19,2.90,0,0.00
MEDI81,"MEDI81",7.71,2014-01-01,10.0,35.0,10.40,2.69,0,0.00
MEDI82,"MEDI82",7.53,2014-01-01,10.0,35.0,10.16,2.63,0,0.00
MEDI83,"MEDI83",188.16,2014-01-01,10.0,35.0,253.92,65.76,0,0.00
MEDI84,"MEDI84",77.13,2014-01-01,10.0,35.0,104.09,26.96,0,0.00
MEDI85,"MEDI85",162.56,2014-01-01,10.0,35.0,219.37,56.81,0,0.00
MEDI86,"MEDI86",227.58,2014-01-01,10.0,35.0,307.12,79.54,0,0.00
MEDI87,"MEDI87",232.42,2014-01-01,10.0,35.0,313.65,81.23,0,0.00
MEDI88,"MEDI88",65.48,2014-01-01,10.0,35.0,88.36,22.88,0,0.00
MEDI89,"MEDI89",137.37,2014-01-01,10.0,35.0,185.38,48.01,0,0.00
MEDI90,"MEDI90",51.07,2014-01-01,10.0,35.0,68.92,17.85,0,0.00
MEDI91,"MEDI91",109.88,2014-01-01,10.0,35.0,148.28,38.40,0,0.00
MEDI92,"MEDI92",70.09,2014-01-01,10.0,35.0,94.59,24.50,0,0.00
MEDI93,"MEDI93",139.62,2014-01-01,10.0,35.0,188.42,48.80,0,0.00
MEDI94,"MEDI94",120.06,2014-01-01,10.0,35.0,162.02,41.96,0,0.00
MEDI95,"MEDI95",66.10,2014-01-01,10.0,35.0,89.20,23.10,0,0.00
MEDI96,"MEDI96",142.26,2014-01-01,10.0,35.0,191.98,49.72,0,0.00
MEDI97,"MEDI97",102.14,2014-01-01,10.0,35.0,137.84,35.70,0,0.00
MEDI98,"MEDI98",69.25,2014-01-01,10.0,35.0,93.45,24.20,0,0.00
MEDI99,"MEDI99",138.50,2014-01-01,10.0,35.0,186.91,48.41,0,0.00
MEDI100,"MEDI100",251.78,2014-01-01,10.0,35.0,339.78,88.00,0,0.00
MEDI101,"MEDI101",117.40,2014-01-01,10.0,35.0,158.43,41.03,0,0.00
MEDI102,"MEDI102",226.18,2014-01-01,10.0,35.0,305.23,79.05,0,0.00
MEDI103,"MEDI103",77.36,2014-01-01,10.0,35.0,104.40,27.04,0,0.00
MEDI104,"MEDI104",74.98,2014-01-01,10.0,35.0,101.19,26.21,0,0.00
MEDI105,"MEDI105",104.22,2014-01-01,10.0,35.0,140.64,36.42,0,0.00
MEDI106,"MEDI106",178.64,2014-01-01,10.0,35.0,241.07,62.43,0,0.00
MEDI107,"MEDI107",222.72,2014-01-01,10.0,35.0,300.56,77.84,0,0.00
MEDI108,"MEDI108",141.95,2014-01-01,10.0,35.0,191.56,49.61,0,0.00
MEDI109,"MEDI109",133.22,2014-01-01,10.0,35.0,179.78,46.56,0,0.00
MEDI110,"MEDI110",54.84,2014-01-01,10.0,35.0,74.01,19.17,0,0.00
MEDI111,"MEDI111",104.83,2014-01-01,10.0,35.0,141.47,36.64,0,0.00
MEDI112,"MEDI112",204.29,2014-01-01,10.0,35.0,275.69,71.40,0,0.00
MEDI113,"MEDI113",152.04,2014-01-01,10.0,35.0,205.18,53.14,0,0.00
MEDI114,"MEDI114",63.23,2014-01-01,10.0,35.0,85.33,22.10,0,0.00
MEDI115,"MEDI115",112.51,2014-01-01,10.0,35.0,151.83,39.32,0,0.00
MEDI116,"MEDI116",206.41,2014-01-01,10.0,35.0,278.55,72.14,0,0.00
MEDI117,"MEDI117",153.91,2014-01-01,10.0,35.0,207.70,53.79,0,0.00
MEDI119,"MEDI119",57.24,2014-01-01,10.0,35.0,77.25,20.01,0,0.00
MEDI120,"MEDI120",102.94,2014-01-01,10.0,35.0,138.92,35.98,0,0.00
MEDI121,"MEDI121",54.86,2014-01-01,10.0,35.0,74.03,19.17,0,0.00
MEDI122,"MEDI122",119.17,2014-01-01,10.0,35.0,160.82,41.65,0,0.00
MEDI123,"MEDI123",226.53,2014-01-01,10.0,35.0,305.70,79.17,0,0.00
MEDI124,"MEDI124",53.76,2014-01-01,10.0,35.0,72.55,18.79,0,0.00
MEDI125,"MEDI125",109.93,2014-01-01,10.0,35.0,148.35,38.42,0,0.00
MEDI126,"MEDI126",266.11,2014-01-01,10.0,35.0,359.11,93.00,0,0.00
MEDI128,"MEDI128",5.04,2014-01-01,10.0,35.0,6.80,1.76,0,0.00
MEDI129,"MEDI129",4.28,2014-01-01,10.0,35.0,5.78,1.50,0,0.00
MEDI130,"MEDI130",3.69,2014-01-01,10.0,35.0,4.98,1.29,0,0.00
MEDI131,"MEDI131",5.53,2014-01-01,10.0,35.0,7.46,1.93,0,0.00
MEDI132,"MEDI132",5.27,2014-01-01,10.0,35.0,7.11,1.84,0,0.00
MEDI133,"MEDI133",4.61,2014-01-01,10.0,35.0,6.22,1.61,0,0.00
MEDI135,"MEDI135",16.13,2014-01-01,10.0,35.0,21.77,5.64,0,0.00
MEDI136,"MEDI136",16.13,2014-01-01,10.0,35.0,21.77,5.64,0,0.00
MEDI140,"MEDI140",5.22,2014-01-01,10.0,35.0,7.04,1.82,0,0.00
MEDI141,"MEDI141",4.89,2014-01-01,10.0,35.0,6.60,1.71,0,0.00
MCRC,"MCRC",4.68,2014-01-01,10.0,35.0,6.32,1.64,0,0.00
MEDI143,"MEDI143",2.28,2014-01-01,10.0,35.0,3.08,0.80,0,0.00
PILL2,"PILL2",20.58,2014-01-01,10.0,35.0,27.77,7.19,0,0.00
PILL3,"PILL3",17.15,2014-01-01,10.0,35.0,23.14,5.99,0,0.00
PILL4,"PILL4",17.15,2014-01-01,10.0,35.0,23.14,5.99,0,0.00
MED15,"MED15",239.23,2014-01-01,10.0,35.0,322.84,83.61,0,0.00
MED1,"MED1",19.43,2014-01-01,10.0,35.0,26.22,6.79,0,0.00
FEL2,"FEL2",5.58,2014-01-01,10.0,35.0,7.53,1.95,0,0.00
FE,"FE",5.58,2014-01-01,10.0,35.0,7.53,1.95,0,0.00
CANIN90,"CANIN90",103.32,2014-01-01,10.0,35.0,139.43,36.11,0,0.00
CET,"CET",39.14,2014-01-01,10.0,35.0,52.82,13.68,0,0.00
MEDI154,"MEDI154",103.12,2014-01-01,10.0,35.0,139.16,36.04,0,0.00
MED160,"MED160",72.45,2014-01-01,10.0,35.0,97.77,25.32,0,0.00
MED161,"MED161",36.10,2014-01-01,10.0,35.0,48.72,12.62,0,0.00
MED162,"MED162",153.68,2014-01-01,10.0,35.0,207.39,53.71,0,0.00
MED163,"MED163",236.34,2014-01-01,10.0,35.0,318.94,82.60,0,0.00
MED170,"MED170",128.69,2014-01-01,10.0,35.0,173.67,44.98,0,0.00
MED201,"MED201",104.83,2014-01-01,10.0,35.0,141.47,36.64,0,0.00
MED39,"MED39",198.02,2014-01-01,10.0,35.0,267.23,69.21,0,0.00
TREAT8,"TREAT8",18.02,2014-01-01,10.0,35.0,24.32,6.30,0,0.00
MED157,"MED157",53.63,2014-01-01,10.0,35.0,72.37,18.74,0,0.00
MED177,"MED177",33.69,2014-01-01,10.0,35.0,45.46,11.77,0,0.00
MED120,"MED120",255.56,2014-01-01,10.0,35.0,344.88,89.32,0,0.00
MED150,"MED150",196.25,2014-01-01,10.0,35.0,264.84,68.59,0,0.00
E,"E",257.18,2014-01-01,10.0,35.0,347.06,89.88,0,0.00
I7,"I7",175.26,2014-01-01,10.0,35.0,236.51,61.25,0,0.00
S11,"S11",241.89,2014-01-01,10.0,35.0,326.43,84.54,0,0.00
MED24,"MED24",126.34,2014-01-01,10.0,35.0,170.50,44.16,0,0.00
MED25,"MED25",71.76,2014-01-01,10.0,35.0,96.84,25.08,0,0.00
MEDIS,"MEDIS",274.18,2014-01-01,10.0,35.0,370.00,95.82,0,0.00
MED17,"MED17",83.33,2014-01-01,10.0,35.0,112.45,29.12,0,0.00
MEDI151,"MEDI151",132.12,2014-01-01,10.0,35.0,178.30,46.18,0,0.00
MCRCT,"MCRCT",40.86,2014-01-01,10.0,35.0,55.14,14.28,0,0.00
MEDI77B,"MEDI77B",68.99,2014-01-01,10.0,35.0,93.10,24.11,0,0.00
MEDI77,"MEDI77",127.23,2014-01-01,10.0,35.0,171.70,44.47,0,0.00
VETSOLU,"VETSOLU",47.51,2014-01-01,10.0,35.0,64.11,16.60,0,0.00
VETE,"VETE",41.93,2014-01-01,10.0,35.0,56.58,14.65,0,0.00
MED1C,"MED1C",105.27,2014-01-01,10.0,35.0,142.06,36.79,0,0.00
MED1F,"MED1F",7.40,2014-01-01,10.0,35.0,9.99,2.59,0,0.00
MED1H,"MED1H",89.45,2014-01-01,10.0,35.0,120.71,31.26,0,0.00
MED1I,"MED1I",193.46,2014-01-01,10.0,35.0,261.07,67.61,0,0.00
MED45,"MED45",258.71,2014-01-01,10.0,35.0,349.13,90.42,0,0.00
BD,"BD",194.92,2014-01-01,10.0,35.0,263.04,68.12,0,0.00
MEDI200,"MEDI200",228.51,2014-01-01,10.0,35.0,308.37,79.86,0,0.00
MEDI201,"MEDI201",5.02,2014-01-01,10.0,35.0,6.77,1.75,0,0.00
MCRCS,"MCRCS",240.13,2014-01-01,10.0,35.0,324.05,83.92,0,0.00
UA,"UA",76.80,2014-01-01,10.0,35.0,103.64,26.84,0,0.00
T605,"T605",329.60,2014-01-01,10.0,35.0,444.79,115.19,0,0.00
T615,"T615",46.62,2014-01-01,10.0,35.0,62.91,16.29,0,0.00
T620,"T620",106.96,2014-01-01,10.0,35.0,144.34,37.38,0,0.00
T625,"Feline Heartworm Antibody - Idexx",128.90,2014-01-01,10.0,35.0,173.95,45.05,0,0.00
GER3,"GER3",332.24,2014-01-01,10.0,35.0,448.36,116.12,0,0.00
GEN3,"GEN3",332.24,2014-01-01,10.0,35.0,448.36,116.12,0,0.00
GERIUF,"GERIUF",316.42,2014-01-01,10.0,35.0,427.01,110.59,0,0.00
CYTOA,"CYTOA",276.97,2014-01-01,10.0,35.0,373.77,96.80,0,0.00
UPC,"UPC",105.47,2014-01-01,10.0,35.0,142.33,36.86,0,0.00
HEA,"HEA",67.17,2014-01-01,10.0,35.0,90.65,23.48,0,0.00
RABIES,"RABIES",754.12,2014-01-01,10.0,35.0,1017.68,263.56,0,0.00
ALLERGYF,"ALLERGYF",682.83,2014-01-01,10.0,35.0,921.48,238.65,0,0.00
T435A,"T435A",408.70,2014-01-01,10.0,35.0,551.54,142.84,0,0.00
URI,"URI",216.22,2014-01-01,10.0,35.0,291.79,75.57,0,0.00
008128,"FeLV Fel Leuk/Immunodef ELISA-Idex",245.22,2014-01-01,10.0,35.0,330.92,85.70,0,0.00
014823,"014823",171.39,2014-01-01,10.0,35.0,231.29,59.90,0,0.00
DOU500,"DOU500",119.55,2014-01-01,10.0,35.0,161.33,41.78,0,0.00
SA450,"Free T4 by Equilibrum Dialysis - Idexx",358.40,2014-01-01,10.0,35.0,483.66,125.26,0,0.00
023751,"023751",51.20,2014-01-01,10.0,35.0,69.09,17.89,0,0.00
ITRAC,"ITRAC",17.51,2014-01-01,10.0,35.0,23.63,6.12,0,0.00
ZENT,"ZENT",8.96,2014-01-01,10.0,35.0,12.09,3.13,0,0.00
PILL5,"PILL5",20.58,2014-01-01,10.0,35.0,27.77,7.19,0,0.00
022426,"022426",94.72,2014-01-01,10.0,35.0,127.82,33.10,0,0.00
MED1C2,"MED1C2",126.21,2014-01-01,10.0,35.0,170.32,44.11,0,0.00